{
  "job_id": "10830518",
  "approach": "32_batch-3_K-Bin Ensemble",
  "k_bins": 3,
  "epochs": 30,
  "batch_size": 32,
  "learning_rate": 2e-05,
  "val_accuracy": 0.8692637834268736,
  "val_mcc": 0.003020747396345958,
  "train_loss_array": [
    0.453688043630635,
    0.41210123414004396,
    0.45523305749271636
  ],
  "val_loss_array": [
    1.8681616845230262,
    1.9036508086654875,
    1.9343508048092617
  ]
}