{
  "job_id": "10830518",
  "approach": "32_batch_added linear layer.withcosin decay",
  "epochs": 30,
  "batch_size": 32,
  "learning_rate": 2e-05,
  "val_accuracy": 0.8991416309012875,
  "val_f1": 0.0,
  "val_loss": 0.38672272861003876,
  "train_loss_array": [
    0.3103403792236791,
    0.2746880291537805,
    0.26497449364626047,
    0.25815612168023083,
    0.24615122174674814,
    0.23533973346153894,
    0.22414373267780652,
    0.21022632018183218,
    0.19363620832110895,
    0.17699503808310538,
    0.16222542298562598,
    0.14185177173578378,
    0.12468055985642201,
    0.11873041375568419,
    0.10273311625827443,
    0.08702589560187224,
    0.07123921072166978,
    0.06322927468202331,
    0.05426978630324205,
    0.04721357758072289,
    0.039766355248337444
  ],
  "val_loss_array": [
    0.2676008343696594,
    0.2588345389813185,
    0.2587390821427107,
    0.2492605857551098,
    0.24614145793020725,
    0.24594938196241856,
    0.24670185521245003,
    0.2506101932376623,
    0.2540144491940737,
    0.2533532287925482,
    0.26405204087495804,
    0.2628207076340914,
    0.26934610679745674,
    0.28373051062226295,
    0.30096758529543877,
    0.3129027485847473,
    0.3362926822155714,
    0.3458745665848255,
    0.36355258896946907,
    0.35754903219640255,
    0.3837084025144577
  ]
}