{
  "job_id": "10825243",
  "approach": "3_K-Bin Ensemble",
  "k_bins": 3,
  "epochs": 30,
  "batch_size": 2,
  "learning_rate": 2e-05,
  "val_accuracy": 0.8375701551667216,
  "val_mcc": -0.012375473162507882,
  "train_loss_array": [
    0.7772627988973487,
    0.7630028949181237,
    1.2169128583669662
  ],
  "val_loss_array": [
    1.7489805634792974,
    1.590578309462847,
    1.1614975626652058
  ]
}