{
  "job_id": "10820767",
  "approach": "added linear layer.withcosin decay",
  "epochs": 30,
  "batch_size": 2,
  "learning_rate": 2e-05,
  "val_accuracy": 0.9123473093430176,
  "val_f1": 0.0,
  "val_loss": 0.7523627475632403,
  "train_loss_array": [
    0.33422189074487657,
    0.2705473775120436,
    0.25720356689593815,
    0.23869626470499658,
    0.21285084927999712,
    0.18514503130034052,
    0.15508834433762286,
    0.12633112249176798,
    0.09627208047350239,
    0.07284733247179698,
    0.052853159127922086,
    0.04008571182451325,
    0.028553753679758515,
    0.022284801382181318,
    0.017481150669714663,
    0.014652369223795637,
    0.012029981071916716,
    0.009983947589238401,
    0.007565815768285394,
    0.006044890722943743,
    0.004898206060200888,
    0.0041331594503902485,
    0.0036854761945582038,
    0.0027609731579920703,
    0.0022348886298297417,
    0.0020290029798387703,
    0.0018716632730840304,
    0.0015346395816071045,
    0.0011253915604517131,
    0.0010438813634229885
  ],
  "val_loss_array": [
    0.27154060211191827,
    0.2589029613086301,
    0.24665226615392244,
    0.23974304945550412,
    0.23428838709608102,
    0.23613365917888463,
    0.24692199984167376,
    0.2646330065197415,
    0.3009447320404216,
    0.32104643170013386,
    0.36248625047568583,
    0.3761331895286711,
    0.42509813170529837,
    0.4404751859032191,
    0.48357644528309757,
    0.49447651548135996,
    0.5367073474340459,
    0.554097270187086,
    0.5922371634505053,
    0.64188155810484,
    0.5877903009263369,
    0.6333217573885479,
    0.6725454736106957,
    0.648183570545899,
    0.7046703383342451,
    0.7019041728658172,
    0.6804567740699794,
    0.7328919200465466,
    0.7712039316834735,
    0.7563614823624619
  ]
}