{
  "job_id": "10818664",
  "approach": "agumenteddata-mean-pool-dropout on Baseline Approach",
  "epochs": 30,
  "batch_size": 2,
  "learning_rate": 2e-05,
  "val_accuracy": 0.9014423076923077,
  "val_f1": 0.0,
  "val_loss": 0.42456003502011297,
  "train_loss_array": [
    0.2056643534610582,
    0.13894400177260965,
    0.06635572578860116,
    0.033584924656869124,
    0.020525225573108676
  ],
  "val_loss_array": [
    0.2440826217085123,
    0.271626932695508,
    0.3342787110805511,
    0.39056989217177035,
    0.4245600360073149
  ]
}