{
  "job_id": "10817258_gpu1",
  "approach": "baseline_batch32_4",
  "epochs": 30,
  "batch_size": 32,
  "learning_rate": 0.0002,
  "val_accuracy": 0.9060746120831957,
  "val_f1": 0.0,
  "val_loss": 0.27079295553267,
  "train_loss_array": [
    0.2823100406112093,
    0.2719210192109599,
    0.27070370271350397,
    0.2702091686201818,
    0.27019951808633225,
    0.2693297111175277,
    0.269397419962016,
    0.2697543560555487,
    0.2696718124277664,
    0.26908260787075217,
    0.26916962071801676,
    0.26872424465237243,
    0.2687411554383509,
    0.26845329390330747,
    0.2687669974384886
  ],
  "val_loss_array": [
    0.2705249283462763,
    0.2716454267501831,
    0.272660942748189,
    0.2672190014272928,
    0.2677148934453726,
    0.2685519605875015,
    0.26678187400102615,
    0.27392401546239853,
    0.2714232448488474,
    0.2668977603316307,
    0.2663532495498657,
    0.27160730212926865,
    0.27424515783786774,
    0.2703415062278509,
    0.26903490722179413
  ]
}