{
  "job_id": "10817258_gpu2",
  "approach": "baseline_batch32_5",
  "epochs": 30,
  "batch_size": 32,
  "learning_rate": 2e-05,
  "val_accuracy": 0.9004621987454606,
  "val_f1": 0.0,
  "val_loss": 0.28873937763273716,
  "train_loss_array": [
    0.28981721717299835,
    0.26139038078712695,
    0.2502820067333453,
    0.23239466886628757,
    0.21304669998811954,
    0.18917681525150934,
    0.16544783747557437,
    0.13625291057608344
  ],
  "val_loss_array": [
    0.2648121789097786,
    0.2586124911904335,
    0.26297815330326557,
    0.2448862623423338,
    0.24832761101424694,
    0.25280010141432285,
    0.25880628637969494,
    0.2775329761207104
  ]
}