{
  "job_id": "10815915_gpu0",
  "approach": "baseline_batch16_3",
  "epochs": 30,
  "batch_size": 16,
  "learning_rate": 0.002,
  "val_accuracy": 0.9060746120831957,
  "val_f1": 0.0,
  "val_loss": 0.26983727713425953,
  "train_loss_array": [
    0.35986427782159863,
    0.29731663169734407,
    0.286523725047256,
    0.2772870268108267,
    0.27621009832981863,
    0.27208567850969057,
    0.2714290189923662,
    0.27027663961052895,
    0.27172051099213684,
    0.27104753131667775
  ],
  "val_loss_array": [
    0.3249750226736069,
    0.31366623640060426,
    0.2816954493522644,
    0.27924736042817433,
    0.27081549366315205,
    0.26917307674884794,
    0.2755866785844167,
    0.2702738692363103,
    0.27188279926776887,
    0.27240023513635
  ]
}