{
  "job_id": "10817258_gpu0",
  "approach": "baseline_batch32_3",
  "epochs": 30,
  "batch_size": 32,
  "learning_rate": 0.002,
  "val_accuracy": 0.9060746120831957,
  "val_f1": 0.0,
  "val_loss": 0.2720169126987457,
  "train_loss_array": [
    0.3599000169020711,
    0.2789655957709659,
    0.2744975451267127,
    0.272554485635324,
    0.27235394603375235,
    0.27106920381387073,
    0.2705605235515219,
    0.27089681792439835,
    0.27022749185562134,
    0.27020604050520697,
    0.27014040743762796,
    0.2698144711779826,
    0.2696005650090449,
    0.2695706258669044,
    0.26992897373257263
  ],
  "val_loss_array": [
    0.28973568975925446,
    0.2821652591228485,
    0.27593956887722015,
    0.26986945793032646,
    0.2683245334774256,
    0.26927148178219795,
    0.26721847243607044,
    0.2765214517712593,
    0.2756805084645748,
    0.26796648651361465,
    0.26584578305482864,
    0.27049897611141205,
    0.2737633101642132,
    0.27183523029088974,
    0.2698731105774641
  ]
}