{
  "job_id": "10815905",
  "approach": "baseline_batch16_3",
  "epochs": 30,
  "batch_size": 16,
  "learning_rate": 0.002,
  "val_accuracy": 0.9060746120831957,
  "val_f1": 0.0,
  "val_loss": 0.26983037690321604,
  "train_loss_array": [
    0.35986440030462813,
    0.29731079597364773,
    0.2865228514102372,
    0.2772940428871097,
    0.27621559821295016,
    0.2720866317324566,
    0.2714314472043153,
    0.2702773799273101,
    0.27172091603279114,
    0.2710491076789119
  ],
  "val_loss_array": [
    0.32498501340548197,
    0.31367089549700417,
    0.28171123762925465,
    0.2792545835177104,
    0.27081476946671806,
    0.26917594571908315,
    0.2755835086107254,
    0.2702791462341944,
    0.2718798518180847,
    0.27239015797773997
  ]
}