{
  "job_id": "10815915_gpu2",
  "approach": "baseline_batch16_5",
  "epochs": 30,
  "batch_size": 16,
  "learning_rate": 2e-05,
  "val_accuracy": 0.897655992076593,
  "val_f1": 0.15594626789104682,
  "val_loss": 0.31146998902161915,
  "train_loss_array": [
    0.279763510394277,
    0.2599581035249161,
    0.24193701057723074,
    0.21887617321176964,
    0.19041415055592856,
    0.15500012113515174,
    0.12236746564281709,
    0.09425514707849784,
    0.07203546183353121
  ],
  "val_loss_array": [
    0.2718762218952179,
    0.2507817566394806,
    0.24853523671627045,
    0.2501709828774134,
    0.24418605665365856,
    0.2547957837581635,
    0.2774200161298116,
    0.296683531999588,
    0.31084201832612357
  ]
}