{
  "job_id": "10815349",
  "approach": "Baseline Approach",
  "epochs": 30,
  "batch_size": 2,
  "learning_rate": 2e-05,
  "val_accuracy": 0.9123473093430174,
  "val_f1": 0.22487812057445256,
  "val_loss": 0.2944282869147694,
  "train_loss_array": [
    0.26951256942703566,
    0.24193274888171823,
    0.20996062663890727,
    0.168116876764935,
    0.11963888213173393,
    0.08012265332657542,
    0.05217615403039638
  ],
  "val_loss_array": 0.2944282869147694
}