{
  "job_id": "10815915_gpu1",
  "approach": "baseline_batch16_4",
  "epochs": 30,
  "batch_size": 16,
  "learning_rate": 0.0002,
  "val_accuracy": 0.9060746120831957,
  "val_f1": 0.0,
  "val_loss": 0.2691671391328176,
  "train_loss_array": [
    0.28159420384150563,
    0.2739193598655137,
    0.2706022102272872,
    0.27122392607006157,
    0.27099511941725557,
    0.2690766060894186,
    0.26988252918377065,
    0.2686790573326024,
    0.2701279280537909,
    0.26946401742823195
  ],
  "val_loss_array": [
    0.2796422243118286,
    0.2707941134770711,
    0.2726522306601206,
    0.2705262134472529,
    0.26852792700131733,
    0.26827419201533,
    0.27279037137826284,
    0.26875137686729433,
    0.2694660524527232,
    0.27151536047458646
  ]
}