{
  "job_id": "10819992",
  "approach": "droupout=0.3-mean-pool on Baseline Approach",
  "epochs": 30,
  "batch_size": 2,
  "learning_rate": 2e-05,
  "val_accuracy": 0.9085506767910201,
  "val_f1": 0.0,
  "val_loss": 0.3260553716721698,
  "train_loss_array": [
    0.27337525295603265,
    0.2504319174444255,
    0.22189815177647015,
    0.19141430946136226,
    0.1501842403608606,
    0.11302187466004897,
    0.07836734786100537,
    0.05322164562206762
  ],
  "val_loss_array": [
    0.2535007620851199,
    0.24009243901978192,
    0.22673805306355158,
    0.2225963423331069,
    0.24418233398698333,
    0.2616918360830372,
    0.28837762750748897,
    0.32573890641459036
  ]
}