{
  "job_id": "10392845",
  "approach": "Make the head return logits + switch to BCEWithLogitsLoss (+ pos_weight)",
  "epochs": 30,
  "batch_size": 2,
  "learning_rate": 2e-05,
  "val_accuracy": 0.7588312974579069,
  "val_mcc": 0.08063778647704475,
  "val_loss": 1.20414020643275
}