{
  "job_id": "10819286",
  "approach": "mean-pool-dropout on Baseline Approach",
  "epochs": 30,
  "batch_size": 2,
  "learning_rate": 2e-05,
  "val_accuracy": 0.9123473093430174,
  "val_f1": 0.0,
  "val_loss": 0.2944282869147694,
  "train_loss_array": [
    0.26951256942703566,
    0.24193274888171823,
    0.20996062663890727,
    0.168116876764935,
    0.11963888213173393,
    0.08012265332657542,
    0.05217615403039638
  ],
  "val_loss_array": [
    0.25069897080588543,
    0.22952577567253357,
    0.2204088401208576,
    0.23392366643390086,
    0.2525519264750501,
    0.2743592598499396,
    0.29409569842565775
  ]
}