{
  "job_id": "10824461",
  "approach": "retunr logits",
  "epochs": 30,
  "batch_size": 2,
  "learning_rate": 2e-05,
  "val_accuracy": 0.9004621987454604,
  "val_mcc": 0.0,
  "val_loss": 5.9464191981933565
}