pooling,temperature,lr,seed,epochs,batch_size,threshold,dev_acc
mean,0.05,1e-05,11711,1,64,0.79,0.7610040552940828
mean,0.05,3e-05,11711,1,64,0.81,0.7705058757363171
mean,0.1,1e-05,11711,1,64,0.855,0.7833525737797117
mean,0.1,3e-05,11711,1,64,0.8800000000000001,0.7972944972323358
cls,0.05,1e-05,11711,1,64,0.815,0.7719859100731137
cls,0.05,3e-05,11711,1,64,0.8200000000000001,0.7830861675990883
cls,0.1,1e-05,11711,1,64,0.8700000000000001,0.7880590829707249
cls,0.1,3e-05,11711,1,64,0.885,0.7992777432436432
